training_seed,method,steps,elapsed_seconds,tolerance_m,training_success_rate,mean_alignment_error_m,log_std
101,curriculum,512,9.688901889000002,0.06,0.283203125,0.08521591205812587,-0.5
101,curriculum,1024,16.942028617,0.06,0.318359375,0.08570589176768062,-0.5520833134651184
101,curriculum,1536,23.191145534,0.06,0.353515625,0.0791851333606289,-0.6041666865348816
101,curriculum,2048,29.208714211,0.06,0.33203125,0.07915344376596488,-0.65625
101,curriculum,2560,35.404997159000004,0.06,0.36328125,0.07531780064661367,-0.7083333134651184
101,curriculum,3072,41.666825802000005,0.06,0.421875,0.07338861672794122,-0.7604166865348816
101,curriculum,3584,47.877687093000006,0.06,0.42578125,0.06941859042533371,-0.8125
101,curriculum,4096,54.153201098000004,0.06,0.501953125,0.06337896250938942,-0.8645833134651184
101,curriculum,4608,60.202346659999996,0.06,0.5546875,0.059779039445106194,-0.9166666865348816
101,curriculum,5120,66.170205536,0.06,0.658203125,0.052597156084893314,-0.96875
101,curriculum,5632,72.180640476,0.04,0.416015625,0.0476769970295962,-1.0208333730697632
101,curriculum,6144,78.144728964,0.04,0.494140625,0.04295480677310792,-1.0729166269302368
101,curriculum,6656,84.076946626,0.04,0.5546875,0.041327114975108714,-1.125
101,curriculum,7168,90.11269169799999,0.04,0.63671875,0.0357446892505999,-1.1770833730697632
101,curriculum,7680,96.277519535,0.025,0.404296875,0.03112799810164362,-1.2291666269302368
101,curriculum,8192,102.475490126,0.025,0.41015625,0.030481050293183026,-1.28125
101,curriculum,8704,108.69750187,0.025,0.46875,0.02803001434377682,-1.3333333730697632
101,curriculum,9216,115.131591477,0.025,0.537109375,0.026037904387788344,-1.3854166269302368
101,curriculum,9728,121.580937455,0.025,0.564453125,0.023457622251210942,-1.4375
101,curriculum,10240,128.266103064,0.025,0.56640625,0.023973917606919193,-1.4895833730697632
101,curriculum,10752,134.713101727,0.015,0.2578125,0.023478562081857297,-1.5416666269302368
101,curriculum,11264,141.18622911399999,0.015,0.3203125,0.021191534852372705,-1.59375
101,curriculum,11776,147.72679502,0.015,0.33203125,0.020641862673054494,-1.6458333730697632
101,curriculum,12288,154.173121313,0.015,0.388671875,0.019874651190405747,-1.6979166269302368
101,curriculum,12800,160.606029461,0.015,0.42578125,0.017899237448927716,-1.75
101,curriculum,13312,166.90882957,0.015,0.453125,0.017660830390186344,-1.8020833730697632
101,curriculum,13824,173.227652223,0.015,0.42578125,0.017538043349952195,-1.8541666269302368
101,curriculum,14336,179.562375251,0.015,0.45703125,0.01682840663911305,-1.90625
101,curriculum,14848,185.856800426,0.015,0.509765625,0.015866705889414436,-1.9583333730697632
101,curriculum,15360,192.166392436,0.015,0.55078125,0.014687591020217175,-2.0104167461395264
101,curriculum,15872,198.468202964,0.015,0.56640625,0.014831068549398274,-2.0625
101,curriculum,16384,204.675826877,0.01,0.33203125,0.013866850651012865,-2.1145832538604736
101,curriculum,16896,210.86827402699998,0.01,0.388671875,0.01304549820097136,-2.1666667461395264
101,curriculum,17408,217.177926471,0.01,0.38671875,0.01284153788855633,-2.21875
101,curriculum,17920,223.497645817,0.01,0.41796875,0.012426389970588227,-2.2708332538604736
101,curriculum,18432,229.807722392,0.01,0.451171875,0.011801526172840929,-2.3229167461395264
101,curriculum,18944,236.133480426,0.01,0.474609375,0.011397579735517173,-2.375
101,curriculum,19456,242.421010257,0.01,0.490234375,0.010953300975547035,-2.4270832538604736
101,curriculum,19968,248.74068368300001,0.01,0.544921875,0.009771319222819718,-2.4791667461395264
101,curriculum,20480,255.085315738,0.01,0.5625,0.009814464315970613,-2.53125
101,curriculum,20992,261.38150591500005,0.006,0.29296875,0.009411924759488197,-2.5833332538604736
101,curriculum,21504,267.907890064,0.006,0.3125,0.009219513042641327,-2.6354167461395264
101,curriculum,22016,274.22726554300004,0.006,0.3203125,0.00862825618799839,-2.6875
101,curriculum,22528,280.446089345,0.006,0.369140625,0.008385156635598762,-2.7395832538604736
101,curriculum,23040,286.894256631,0.006,0.42578125,0.00783025376812366,-2.7916667461395264
101,curriculum,23552,293.27353658100003,0.006,0.384765625,0.008254059403141233,-2.84375
101,curriculum,24064,299.564067689,0.006,0.41015625,0.008065206901317401,-2.8958332538604736
101,curriculum,24576,305.85193404800003,0.006,0.447265625,0.007364569551896691,-2.9479167461395264
101,curriculum,25088,312.247699472,0.006,0.466796875,0.007434101301346028,-3.0
101,curriculum,25600,318.455868742,0.006,0.52734375,0.007229783299952883,-3.0
101,curriculum,26112,324.841673661,0.006,0.44921875,0.007793582249955749,-3.0
101,curriculum,26624,331.190648361,0.006,0.505859375,0.007664190500436891,-3.0
101,curriculum,27136,337.57590661100005,0.006,0.494140625,0.007193831646606962,-3.0
101,curriculum,27648,343.954384177,0.006,0.5,0.007145134555459708,-3.0
101,curriculum,28160,352.040132647,0.006,0.515625,0.006915755504505258,-3.0
101,curriculum,28672,358.46639512300004,0.006,0.48046875,0.007595625778580662,-3.0
101,curriculum,29184,364.77132418300005,0.006,0.525390625,0.0072148507304659664,-3.0
101,curriculum,29696,371.217765342,0.006,0.48828125,0.007141677292197128,-3.0
101,curriculum,30208,377.744886165,0.006,0.529296875,0.007318931564265831,-3.0
101,curriculum,30720,384.31829903700003,0.006,0.513671875,0.007054339306335996,-3.0
101,curriculum,31232,390.71341941900005,0.006,0.482421875,0.007267712689324322,-3.0
101,curriculum,31744,398.09408900200003,0.006,0.517578125,0.007341103469661638,-3.0
101,curriculum,32256,404.346438377,0.006,0.50390625,0.007234574094102782,-3.0
101,curriculum,32768,410.81373786,0.006,0.517578125,0.007092496462640919,-3.0
101,hard,512,9.635916234,0.006,0.001953125,0.08521591205812587,-0.5
101,hard,1024,17.194156974000002,0.006,0.00390625,0.08603585666788938,-0.5520833134651184
101,hard,1536,23.499763140000002,0.006,0.005859375,0.07992601506685025,-0.6041666865348816
101,hard,2048,29.676646487000003,0.006,0.001953125,0.08048969317208027,-0.65625
101,hard,2560,35.776604581,0.006,0.001953125,0.07873209268877887,-0.7083333134651184
101,hard,3072,41.863140384999994,0.006,0.0078125,0.07806004173896847,-0.7604166865348816
101,hard,3584,47.917603795999995,0.006,0.0,0.07732244761644178,-0.8125
101,hard,4096,54.04054158299999,0.006,0.005859375,0.07324726290790926,-0.8645833134651184
101,hard,4608,60.090096880999994,0.006,0.001953125,0.0730085756718375,-0.9166666865348816
101,hard,5120,66.142428238,0.006,0.0,0.0703679040995433,-0.96875
101,hard,5632,72.242640701,0.006,0.005859375,0.07004656392326625,-1.0208333730697632
101,hard,6144,78.292454953,0.006,0.001953125,0.06817323598877555,-1.0729166269302368
101,hard,6656,84.39383604,0.006,0.005859375,0.07005887806192537,-1.125
101,hard,7168,90.462080453,0.006,0.001953125,0.06547711913726074,-1.1770833730697632
101,hard,7680,96.51097030999999,0.006,0.005859375,0.06665405483657379,-1.2291666269302368
101,hard,8192,102.736793525,0.006,0.005859375,0.06621728841462149,-1.28125
101,hard,8704,109.39042139499999,0.006,0.013671875,0.06520451012635471,-1.3333333730697632
101,hard,9216,115.567747724,0.006,0.005859375,0.0648966741584234,-1.3854166269302368
101,hard,9728,121.68602600799998,0.006,0.00390625,0.06449876123353655,-1.4375
101,hard,10240,127.83456315899998,0.006,0.0078125,0.06409429245093465,-1.4895833730697632
101,hard,10752,134.089880392,0.006,0.009765625,0.06133982591150018,-1.5416666269302368
101,hard,11264,140.162888033,0.006,0.00390625,0.06169776839252772,-1.59375
101,hard,11776,146.57099139800002,0.006,0.0078125,0.061794423883743996,-1.6458333730697632
101,hard,12288,152.67257620200002,0.006,0.005859375,0.06075614632378824,-1.6979166269302368
101,hard,12800,158.74161680600002,0.006,0.0078125,0.060359063978822694,-1.75
101,hard,13312,164.824271963,0.006,0.0,0.05975949832620331,-1.8020833730697632
101,hard,13824,170.93725557000002,0.006,0.00390625,0.05902664171948836,-1.8541666269302368
101,hard,14336,177.06994888600002,0.006,0.01171875,0.058031250056974945,-1.90625
101,hard,14848,183.14797320300002,0.006,0.00390625,0.05725452447463639,-1.9583333730697632
101,hard,15360,189.243606859,0.006,0.001953125,0.05642278962753905,-2.0104167461395264
101,hard,15872,195.28246932000002,0.006,0.005859375,0.056145904914214936,-2.0625
101,hard,16384,201.387086928,0.006,0.001953125,0.05683032442516869,-2.1145832538604736
101,hard,16896,207.666405456,0.006,0.00390625,0.05703170739130073,-2.1666667461395264
101,hard,17408,213.867661739,0.006,0.0078125,0.05596113503934137,-2.21875
101,hard,17920,219.90962229500002,0.006,0.0078125,0.055519680977999385,-2.2708332538604736
101,hard,18432,225.94520913000002,0.006,0.005859375,0.05765375567048689,-2.3229167461395264
101,hard,18944,232.05863072900001,0.006,0.001953125,0.057486684221367844,-2.375
101,hard,19456,238.08128987700002,0.006,0.001953125,0.05537392913683094,-2.4270832538604736
101,hard,19968,244.195748369,0.006,0.0078125,0.05480753213425787,-2.4791667461395264
101,hard,20480,250.23444743700003,0.006,0.001953125,0.05557727881330031,-2.53125
101,hard,20992,256.381034052,0.006,0.009765625,0.05615235217622783,-2.5833332538604736
101,hard,21504,262.50940017,0.006,0.00390625,0.056299741964340136,-2.6354167461395264
101,hard,22016,268.649680565,0.006,0.005859375,0.05516867052273704,-2.6875
101,hard,22528,274.713644036,0.006,0.01171875,0.055060693065406285,-2.7395832538604736
101,hard,23040,280.770903119,0.006,0.009765625,0.05583311028757995,-2.7916667461395264
101,hard,23552,286.831522937,0.006,0.0,0.05540977662659236,-2.84375
101,hard,24064,292.968519501,0.006,0.005859375,0.05388843482550346,-2.8958332538604736
101,hard,24576,299.012683644,0.006,0.01171875,0.053341669166566096,-2.9479167461395264
101,hard,25088,305.049200666,0.006,0.005859375,0.05581552964373354,-3.0
101,hard,25600,311.096047388,0.006,0.005859375,0.05439834026758027,-3.0
101,hard,26112,317.298573852,0.006,0.005859375,0.05561648844317348,-3.0
101,hard,26624,323.356026239,0.006,0.0,0.05496571561274997,-3.0
101,hard,27136,329.449931994,0.006,0.00390625,0.05439109008071037,-3.0
101,hard,27648,335.540354874,0.006,0.005859375,0.05483253379753236,-3.0
101,hard,28160,341.780944697,0.006,0.013671875,0.053405544461926045,-3.0
101,hard,28672,348.021773019,0.006,0.0078125,0.05429085363477951,-3.0
101,hard,29184,354.12358072800004,0.006,0.00390625,0.05516519926106521,-3.0
101,hard,29696,360.438709087,0.006,0.00390625,0.05513158206529808,-3.0
101,hard,30208,366.574622213,0.006,0.001953125,0.05445268879759231,-3.0
101,hard,30720,372.700098356,0.006,0.0,0.05454589055294172,-3.0
101,hard,31232,379.072803108,0.006,0.001953125,0.053146673680175484,-3.0
101,hard,31744,385.212698429,0.006,0.005859375,0.05594220776992066,-3.0
101,hard,32256,392.023183118,0.006,0.00390625,0.054954740701816496,-3.0
101,hard,32768,401.449255288,0.006,0.005859375,0.054244541930071145,-3.0
102,curriculum,512,9.040826339,0.06,0.365234375,0.08028889440457701,-0.5
102,curriculum,1024,16.34728767,0.06,0.3125,0.08182776586036185,-0.5520833134651184
102,curriculum,1536,22.509508971000002,0.06,0.33984375,0.07949047309172506,-0.6041666865348816
102,curriculum,2048,28.662773561,0.06,0.36328125,0.07814793254922597,-0.65625
102,curriculum,2560,34.809865688,0.06,0.41015625,0.07311955615468829,-0.7083333134651184
102,curriculum,3072,40.959061549000005,0.06,0.396484375,0.06963191251976718,-0.7604166865348816
102,curriculum,3584,47.145123948000005,0.06,0.453125,0.06605793441814625,-0.8125
102,curriculum,4096,53.335985120000004,0.06,0.509765625,0.06325139118071774,-0.8645833134651184
102,curriculum,4608,59.82810969300001,0.06,0.541015625,0.060068195354495556,-0.9166666865348816
102,curriculum,5120,66.06002124199999,0.06,0.6328125,0.052867115352013126,-0.96875
102,curriculum,5632,72.295589366,0.04,0.40625,0.048787232710622914,-1.0208333730697632
102,curriculum,6144,78.47875575399999,0.04,0.501953125,0.04270731132290052,-1.0729166269302368
102,curriculum,6656,84.656020589,0.04,0.5625,0.0394474507622413,-1.125
102,curriculum,7168,90.871070955,0.04,0.62890625,0.03499180179646648,-1.1770833730697632
102,curriculum,7680,97.037284773,0.025,0.41796875,0.03063917189039057,-1.2291666269302368
102,curriculum,8192,103.156328041,0.025,0.4375,0.028984162023628034,-1.28125
102,curriculum,8704,109.29690620699999,0.025,0.501953125,0.026633389066411696,-1.3333333730697632
102,curriculum,9216,115.54306882499999,0.025,0.537109375,0.025538357560806465,-1.3854166269302368
102,curriculum,9728,121.70537612899999,0.025,0.5859375,0.024404232220201248,-1.4375
102,curriculum,10240,127.946413706,0.015,0.287109375,0.023693691724055155,-1.4895833730697632
102,curriculum,10752,134.261061253,0.015,0.271484375,0.022835304831944868,-1.5416666269302368
102,curriculum,11264,140.48234992000002,0.015,0.298828125,0.021364618487591042,-1.59375
102,curriculum,11776,146.65709499500002,0.015,0.369140625,0.020170651964305755,-1.6458333730697632
102,curriculum,12288,152.789803497,0.015,0.404296875,0.018847641466839465,-1.6979166269302368
102,curriculum,12800,158.98708178700002,0.015,0.470703125,0.017692962498747817,-1.75
102,curriculum,13312,165.18272789300002,0.015,0.4296875,0.01808657446216414,-1.8020833730697632
102,curriculum,13824,171.452187704,0.015,0.462890625,0.01702021734803085,-1.8541666269302368
102,curriculum,14336,177.686788095,0.015,0.501953125,0.015832617829054443,-1.90625
102,curriculum,14848,183.79613886500002,0.015,0.51171875,0.015542845532583074,-1.9583333730697632
102,curriculum,15360,190.01584490800002,0.015,0.55859375,0.015095323966319431,-2.0104167461395264
102,curriculum,15872,196.13904527300002,0.01,0.337890625,0.014138572715032154,-2.0625
102,curriculum,16384,202.27544175900002,0.01,0.35546875,0.013794635274953577,-2.1145832538604736
102,curriculum,16896,208.430652804,0.01,0.35546875,0.013010572677500453,-2.1666667461395264
102,curriculum,17408,214.66179090400001,0.01,0.423828125,0.012062643136737381,-2.21875
102,curriculum,17920,220.853611277,0.01,0.431640625,0.011783678035698669,-2.2708332538604736
102,curriculum,18432,227.04834760900002,0.01,0.470703125,0.011325118262917825,-2.3229167461395264
102,curriculum,18944,233.17995586,0.01,0.490234375,0.010819492610845291,-2.375
102,curriculum,19456,239.243749957,0.01,0.529296875,0.010409002137104606,-2.4270832538604736
102,curriculum,19968,245.396096604,0.01,0.587890625,0.009409961777161156,-2.4791667461395264
102,curriculum,20480,251.50694844500003,0.006,0.318359375,0.009188503458809288,-2.53125
102,curriculum,20992,257.659590271,0.006,0.3125,0.008996053426943177,-2.5833332538604736
102,curriculum,21504,263.899779286,0.006,0.3203125,0.008919217179534249,-2.6354167461395264
102,curriculum,22016,269.981343137,0.006,0.35546875,0.008125802771162049,-2.6875
102,curriculum,22528,276.06264974,0.006,0.373046875,0.008005575142737382,-2.7395832538604736
102,curriculum,23040,281.83131550900004,0.006,0.375,0.007864951754664524,-2.7916667461395264
102,curriculum,23552,287.897062414,0.006,0.435546875,0.007239984109206775,-2.84375
102,curriculum,24064,293.98499738,0.006,0.451171875,0.0069367411465561975,-2.8958332538604736
102,curriculum,24576,300.027890346,0.006,0.48046875,0.006859101267890177,-2.9479167461395264
102,curriculum,25088,306.063433987,0.006,0.53515625,0.006376959231373532,-3.0
102,curriculum,25600,312.113085586,0.006,0.55078125,0.00631870839586939,-3.0
102,curriculum,26112,318.179039116,0.006,0.529296875,0.006572057782693002,-3.0
102,curriculum,26624,324.23654832700004,0.006,0.54296875,0.006465864837856657,-3.0
102,curriculum,27136,330.296922202,0.006,0.541015625,0.006331329011430481,-3.0
102,curriculum,27648,336.513858497,0.006,0.541015625,0.0063782644810337985,-3.0
102,curriculum,28160,342.59010358300003,0.006,0.51953125,0.0065483608267284665,-3.0
102,curriculum,28672,348.42823426,0.006,0.525390625,0.0064347919644594225,-3.0
102,curriculum,29184,354.53425841800004,0.006,0.533203125,0.006246396434308932,-3.0
102,curriculum,29696,360.56340302300003,0.006,0.52734375,0.006294077295500751,-3.0
102,curriculum,30208,366.718632366,0.006,0.515625,0.006519569465966539,-3.0
102,curriculum,30720,372.468053451,0.006,0.541015625,0.006374165989652898,-3.0
102,curriculum,31232,378.659656627,0.006,0.5859375,0.006140811629170462,-3.0
102,curriculum,31744,384.75146806600003,0.006,0.560546875,0.006310342202996203,-3.0
102,curriculum,32256,390.909922463,0.006,0.544921875,0.006394327768671167,-3.0
102,curriculum,32768,397.016185713,0.006,0.537109375,0.006489927471975212,-3.0
102,hard,512,9.247085862999999,0.006,0.001953125,0.08028889440457701,-0.5
102,hard,1024,16.633588026,0.006,0.00390625,0.08191881738456758,-0.5520833134651184
102,hard,1536,22.876601073000003,0.006,0.00390625,0.08041715269878842,-0.6041666865348816
102,hard,2048,29.067333947999998,0.006,0.0078125,0.07973159760903747,-0.65625
102,hard,2560,35.388204035,0.006,0.0078125,0.07607625621770292,-0.7083333134651184
102,hard,3072,41.623215881,0.006,0.005859375,0.07427752949609415,-0.7604166865348816
102,hard,3584,47.83343486,0.006,0.009765625,0.07455160398077515,-0.8125
102,hard,4096,54.050673477,0.006,0.00390625,0.07475571760095973,-0.8645833134651184
102,hard,4608,60.341518767000004,0.006,0.00390625,0.07532566628719561,-0.9166666865348816
102,hard,5120,66.616667396,0.006,0.001953125,0.07680377557836401,-0.96875
102,hard,5632,72.82553002099999,0.006,0.001953125,0.07446549397908823,-1.0208333730697632
102,hard,6144,78.979737285,0.006,0.0078125,0.07265957530482521,-1.0729166269302368
102,hard,6656,85.09314752,0.006,0.00390625,0.0715275579127011,-1.125
102,hard,7168,91.346137016,0.006,0.0,0.0689533743210243,-1.1770833730697632
102,hard,7680,97.656414525,0.006,0.001953125,0.06773920038356791,-1.2291666269302368
102,hard,8192,103.70778388,0.006,0.005859375,0.06606175467165984,-1.28125
102,hard,8704,109.760695218,0.006,0.00390625,0.06602806560488926,-1.3333333730697632
102,hard,9216,115.98714299599999,0.006,0.0078125,0.06746552357657588,-1.3854166269302368
102,hard,9728,122.11152413899998,0.006,0.0078125,0.06653145294994423,-1.4375
102,hard,10240,128.164106535,0.006,0.005859375,0.069101351352442,-1.4895833730697632
102,hard,10752,134.265593734,0.006,0.0078125,0.06473164995171142,-1.5416666269302368
102,hard,11264,140.30874903699998,0.006,0.00390625,0.06589478331171042,-1.59375
102,hard,11776,146.390606398,0.006,0.00390625,0.06611446429655442,-1.6458333730697632
102,hard,12288,152.4312449,0.006,0.001953125,0.06748067842212215,-1.6979166269302368
102,hard,12800,158.49785247,0.006,0.009765625,0.06597241809061069,-1.75
102,hard,13312,164.699440243,0.006,0.0078125,0.06492663509694202,-1.8020833730697632
102,hard,13824,170.893248659,0.006,0.001953125,0.06482025726717935,-1.8541666269302368
102,hard,14336,177.022925424,0.006,0.013671875,0.0664698916349453,-1.90625
102,hard,14848,183.121246943,0.006,0.0078125,0.06424674213498463,-1.9583333730697632
102,hard,15360,189.20909081,0.006,0.0,0.06448315235894019,-2.0104167461395264
102,hard,15872,195.246925789,0.006,0.0,0.061584414879277065,-2.0625
102,hard,16384,201.430184205,0.006,0.001953125,0.060488412976777886,-2.1145832538604736
102,hard,16896,207.601779755,0.006,0.0078125,0.06254829879150502,-2.1666667461395264
102,hard,17408,213.791656698,0.006,0.009765625,0.06227521091540833,-2.21875
102,hard,17920,220.20026750099998,0.006,0.0078125,0.060813986205733105,-2.2708332538604736
102,hard,18432,226.66448567499998,0.006,0.0078125,0.06219746465132409,-2.3229167461395264
102,hard,18944,233.061442345,0.006,0.005859375,0.059891551115413694,-2.375
102,hard,19456,239.58526661,0.006,0.001953125,0.0607846564646071,-2.4270832538604736
102,hard,19968,246.11903875199997,0.006,0.0,0.06244844132899157,-2.4791667461395264
102,hard,20480,252.80056268399997,0.006,0.005859375,0.058272034443248966,-2.53125
102,hard,20992,259.436244648,0.006,0.0078125,0.06118877760057864,-2.5833332538604736
102,hard,21504,265.940040387,0.006,0.0078125,0.060114802817696614,-2.6354167461395264
102,hard,22016,272.42438930900005,0.006,0.00390625,0.05961717875762672,-2.6875
102,hard,22528,278.736832617,0.006,0.0,0.059735141957664536,-2.7395832538604736
102,hard,23040,285.114418773,0.006,0.005859375,0.059289839242438525,-2.7916667461395264
102,hard,23552,291.320181288,0.006,0.0078125,0.061942199452101714,-2.84375
102,hard,24064,297.873294594,0.006,0.0078125,0.06000569859773835,-2.8958332538604736
102,hard,24576,304.16001320600003,0.006,0.001953125,0.05912580245296153,-2.9479167461395264
102,hard,25088,310.317000923,0.006,0.009765625,0.06103498698435485,-3.0
102,hard,25600,316.592204587,0.006,0.0078125,0.05727208387019664,-3.0
102,hard,26112,322.69078705600003,0.006,0.009765625,0.058447227283953726,-3.0
102,hard,26624,328.77878747100004,0.006,0.001953125,0.060240221278698006,-3.0
102,hard,27136,334.83203563800004,0.006,0.00390625,0.05920235264305711,-3.0
102,hard,27648,340.84694601900003,0.006,0.005859375,0.058143771475317345,-3.0
102,hard,28160,346.417376407,0.006,0.005859375,0.06047867194416455,-3.0
102,hard,28672,352.451804001,0.006,0.0,0.05832120219265477,-3.0
102,hard,29184,358.49446381800004,0.006,0.01171875,0.05975447011390396,-3.0
102,hard,29696,364.546672928,0.006,0.0078125,0.06123799336651799,-3.0
102,hard,30208,370.12719033400003,0.006,0.00390625,0.060682303704927706,-3.0
102,hard,30720,375.71984530500004,0.006,0.009765625,0.06151954169803232,-3.0
102,hard,31232,381.883548327,0.006,0.009765625,0.05983832264098335,-3.0
102,hard,31744,388.196517341,0.006,0.005859375,0.05893268427240904,-3.0
102,hard,32256,393.93199387600004,0.006,0.005859375,0.06041664431570995,-3.0
102,hard,32768,399.72005808,0.006,0.005859375,0.059543743996868154,-3.0
103,curriculum,512,9.464787560999998,0.06,0.279296875,0.08527212672641235,-0.5
103,curriculum,1024,16.419226235,0.06,0.34375,0.08042292591302785,-0.5520833134651184
103,curriculum,1536,22.541333165,0.06,0.302734375,0.0816937224701809,-0.6041666865348816
103,curriculum,2048,28.596276027,0.06,0.361328125,0.0779175916746763,-0.65625
103,curriculum,2560,34.66401930799999,0.06,0.369140625,0.07675739824781272,-0.7083333134651184
103,curriculum,3072,40.802231643,0.06,0.41796875,0.07053800455750142,-0.7604166865348816
103,curriculum,3584,46.819376623,0.06,0.435546875,0.06822530874386151,-0.8125
103,curriculum,4096,52.823108109,0.06,0.529296875,0.061603015645911315,-0.8645833134651184
103,curriculum,4608,58.827546514000005,0.06,0.53515625,0.06036925531750034,-0.9166666865348816
103,curriculum,5120,64.89578326200001,0.06,0.576171875,0.05544949891548431,-0.96875
103,curriculum,5632,71.01763593,0.04,0.39453125,0.04911640672678366,-1.0208333730697632
103,curriculum,6144,77.222077121,0.04,0.4765625,0.04484064601916736,-1.0729166269302368
103,curriculum,6656,83.15427332,0.04,0.52734375,0.04143558940884227,-1.125
103,curriculum,7168,89.104243538,0.04,0.634765625,0.03628463589584667,-1.1770833730697632
103,curriculum,7680,95.191996302,0.025,0.376953125,0.032605841192182905,-1.2291666269302368
103,curriculum,8192,101.422014258,0.025,0.439453125,0.029854403236587,-1.28125
103,curriculum,8704,107.637809777,0.025,0.501953125,0.0273585915751238,-1.3333333730697632
103,curriculum,9216,113.992606416,0.025,0.548828125,0.025566480629328887,-1.3854166269302368
103,curriculum,9728,120.209621309,0.025,0.529296875,0.02546637384532653,-1.4375
103,curriculum,10240,126.48290619100001,0.015,0.255859375,0.023980350090265133,-1.4895833730697632
103,curriculum,10752,132.910066865,0.015,0.294921875,0.02220653491662338,-1.5416666269302368
103,curriculum,11264,139.272184746,0.015,0.326171875,0.021122043056547586,-1.59375
103,curriculum,11776,145.557676307,0.015,0.326171875,0.020780151538821456,-1.6458333730697632
103,curriculum,12288,151.946861088,0.015,0.37890625,0.01912997586086096,-1.6979166269302368
103,curriculum,12800,158.171759011,0.015,0.412109375,0.019158728345473303,-1.75
103,curriculum,13312,164.454990739,0.015,0.408203125,0.01805438781616292,-1.8020833730697632
103,curriculum,13824,170.745958274,0.015,0.46484375,0.016771046245200625,-1.8541666269302368
103,curriculum,14336,177.08682081700002,0.015,0.474609375,0.016422668460182067,-1.90625
103,curriculum,14848,183.304065786,0.015,0.50390625,0.01625038629145706,-1.9583333730697632
103,curriculum,15360,189.698981257,0.015,0.53125,0.015102468645606852,-2.0104167461395264
103,curriculum,15872,196.005650236,0.015,0.587890625,0.014226400967080659,-2.0625
103,curriculum,16384,202.227328468,0.01,0.361328125,0.013644167882700342,-2.1145832538604736
103,curriculum,16896,208.520622661,0.01,0.349609375,0.013532397868680459,-2.1666667461395264
103,curriculum,17408,214.716480991,0.01,0.396484375,0.012717303297082944,-2.21875
103,curriculum,17920,220.942106366,0.01,0.390625,0.012555738626233933,-2.2708332538604736
103,curriculum,18432,227.081413698,0.01,0.455078125,0.011581332463857523,-2.3229167461395264
103,curriculum,18944,233.230962651,0.01,0.482421875,0.011242701027869223,-2.375
103,curriculum,19456,239.60017191400001,0.01,0.5390625,0.010383683161843817,-2.4270832538604736
103,curriculum,19968,245.966017517,0.01,0.580078125,0.009844330092105474,-2.4791667461395264
103,curriculum,20480,252.23822269800002,0.006,0.287109375,0.009725683938125253,-2.53125
103,curriculum,20992,258.497060671,0.006,0.255859375,0.009687948387934,-2.5833332538604736
103,curriculum,21504,264.62514495,0.006,0.28515625,0.009292188073939646,-2.6354167461395264
103,curriculum,22016,271.084949255,0.006,0.33203125,0.008699817402236184,-2.6875
103,curriculum,22528,277.504905656,0.006,0.345703125,0.008389900388092345,-2.7395832538604736
103,curriculum,23040,283.88084353,0.006,0.36328125,0.00802158756480959,-2.7916667461395264
103,curriculum,23552,290.145821635,0.006,0.400390625,0.007880726419067252,-2.84375
103,curriculum,24064,296.340576133,0.006,0.4765625,0.007103219342065581,-2.8958332538604736
103,curriculum,24576,302.564161672,0.006,0.474609375,0.007224702351641717,-2.9479167461395264
103,curriculum,25088,308.940632857,0.006,0.513671875,0.006815585268976018,-3.0
103,curriculum,25600,316.340458722,0.006,0.5,0.0070733816884436295,-3.0
103,curriculum,26112,322.497188476,0.006,0.474609375,0.007262076931932525,-3.0
103,curriculum,26624,328.803197289,0.006,0.515625,0.007127223556147831,-3.0
103,curriculum,27136,335.003525573,0.006,0.48828125,0.006871966927667713,-3.0
103,curriculum,27648,341.147326847,0.006,0.51171875,0.00699139006251975,-3.0
103,curriculum,28160,347.353958736,0.006,0.53515625,0.006678859309526364,-3.0
103,curriculum,28672,353.20833708,0.006,0.470703125,0.006993426822414503,-3.0
103,curriculum,29184,358.78825037,0.006,0.53515625,0.006646603281595427,-3.0
103,curriculum,29696,364.890222928,0.006,0.578125,0.006594385094122929,-3.0
103,curriculum,30208,371.102380913,0.006,0.486328125,0.007055050169525899,-3.0
103,curriculum,30720,377.247655934,0.006,0.51171875,0.007111953933555454,-3.0
103,curriculum,31232,383.517503378,0.006,0.548828125,0.006798294869056633,-3.0
103,curriculum,31744,389.61557917700003,0.006,0.533203125,0.00654610845697633,-3.0
103,curriculum,32256,395.736658046,0.006,0.50390625,0.006965076206521649,-3.0
103,curriculum,32768,401.924565967,0.006,0.533203125,0.006745688930396977,-3.0
103,hard,512,9.549380018999999,0.006,0.005859375,0.08527212672641235,-0.5
103,hard,1024,16.834928597999998,0.006,0.00390625,0.08050718429990811,-0.5520833134651184
103,hard,1536,22.900628044,0.006,0.001953125,0.0824393920085392,-0.6041666865348816
103,hard,2048,28.953977277999996,0.006,0.005859375,0.07930054405448475,-0.65625
103,hard,2560,35.011315036,0.006,0.00390625,0.07920456692689426,-0.7083333134651184
103,hard,3072,41.214153288999995,0.006,0.005859375,0.07463153909709595,-0.7604166865348816
103,hard,3584,47.313229147,0.006,0.001953125,0.07513446963491681,-0.8125
103,hard,4096,53.386491936999995,0.006,0.005859375,0.07129525209682197,-0.8645833134651184
103,hard,4608,59.72941303699999,0.006,0.001953125,0.07344088154823744,-0.9166666865348816
103,hard,5120,66.065613306,0.006,0.00390625,0.07462993152823541,-0.96875
103,hard,5632,72.192116821,0.006,0.005859375,0.0698796280734332,-1.0208333730697632
103,hard,6144,78.29801883500001,0.006,0.001953125,0.07285870246669128,-1.0729166269302368
103,hard,6656,84.49608875700001,0.006,0.0078125,0.0714268656778452,-1.125
103,hard,7168,90.7467913,0.006,0.00390625,0.06872993458530341,-1.1770833730697632
103,hard,7680,96.86680514300001,0.006,0.001953125,0.0672241645952026,-1.2291666269302368
103,hard,8192,103.143271772,0.006,0.0,0.0654025371166805,-1.28125
103,hard,8704,109.33716175900001,0.006,0.00390625,0.0650069931166731,-1.3333333730697632
103,hard,9216,115.547936023,0.006,0.001953125,0.0695224553960404,-1.3854166269302368
103,hard,9728,121.685945278,0.006,0.0,0.06881601946233977,-1.4375
103,hard,10240,127.866176119,0.006,0.00390625,0.06615991281405678,-1.4895833730697632
103,hard,10752,134.204217858,0.006,0.00390625,0.06602556007099991,-1.5416666269302368
103,hard,11264,140.447541885,0.006,0.009765625,0.064490027090532,-1.59375
103,hard,11776,146.75150604299998,0.006,0.0,0.06518707792484985,-1.6458333730697632
103,hard,12288,152.850462599,0.006,0.00390625,0.06543864148015882,-1.6979166269302368
103,hard,12800,159.302445017,0.006,0.005859375,0.06432020687446496,-1.75
103,hard,13312,165.629644016,0.006,0.01171875,0.06384366317639065,-1.8020833730697632
103,hard,13824,171.7903239,0.006,0.00390625,0.0623235372325416,-1.8541666269302368
103,hard,14336,177.90365007999998,0.006,0.001953125,0.06392636580994618,-1.90625
103,hard,14848,184.03083746599998,0.006,0.00390625,0.0632204868218238,-1.9583333730697632
103,hard,15360,190.272726934,0.006,0.009765625,0.06366705535718162,-2.0104167461395264
103,hard,15872,196.55550114899998,0.006,0.0,0.060538994183244,-2.0625
103,hard,16384,202.83515117099998,0.006,0.0078125,0.060276401819267494,-2.1145832538604736
103,hard,16896,209.177303913,0.006,0.001953125,0.061998520109599,-2.1666667461395264
103,hard,17408,215.36778126899998,0.006,0.001953125,0.060637375536238186,-2.21875
103,hard,17920,221.58102447599998,0.006,0.001953125,0.06151861410210007,-2.2708332538604736
103,hard,18432,227.82563321199999,0.006,0.00390625,0.06137742756811053,-2.3229167461395264
103,hard,18944,234.169104093,0.006,0.00390625,0.06225154650761852,-2.375
103,hard,19456,240.517583493,0.006,0.0078125,0.060788157809493024,-2.4270832538604736
103,hard,19968,246.672214816,0.006,0.005859375,0.06276801040040808,-2.4791667461395264
103,hard,20480,252.793600196,0.006,0.0078125,0.05897833731523516,-2.53125
103,hard,20992,258.959422184,0.006,0.0,0.06235758256822209,-2.5833332538604736
103,hard,21504,265.172841518,0.006,0.005859375,0.060807818038180236,-2.6354167461395264
103,hard,22016,271.277781935,0.006,0.001953125,0.061021958894510904,-2.6875
103,hard,22528,277.327985747,0.006,0.00390625,0.06105940389112931,-2.7395832538604736
103,hard,23040,283.38711431,0.006,0.005859375,0.06062985872621223,-2.7916667461395264
103,hard,23552,289.446373727,0.006,0.00390625,0.06179043995776867,-2.84375
103,hard,24064,295.624906667,0.006,0.00390625,0.05959212191504065,-2.8958332538604736
103,hard,24576,301.86230734599997,0.006,0.00390625,0.058123621843155664,-2.9479167461395264
103,hard,25088,307.933579163,0.006,0.0,0.06120200015333579,-3.0
103,hard,25600,313.99868269,0.006,0.01171875,0.059391561525831194,-3.0
103,hard,26112,320.172934393,0.006,0.00390625,0.06005596966672619,-3.0
103,hard,26624,325.92082315199997,0.006,0.00390625,0.05918717071747861,-3.0
103,hard,27136,332.220454605,0.006,0.00390625,0.05988582270712269,-3.0
103,hard,27648,338.323470709,0.006,0.005859375,0.06003542356825707,-3.0
103,hard,28160,344.455998783,0.006,0.001953125,0.06175075912500386,-3.0
103,hard,28672,350.48522154299997,0.006,0.001953125,0.05874714656118955,-3.0
103,hard,29184,356.60269916,0.006,0.00390625,0.06084666179541611,-3.0
103,hard,29696,362.80160357799997,0.006,0.00390625,0.06107931253124315,-3.0
103,hard,30208,369.08421246,0.006,0.001953125,0.06125468156646695,-3.0
103,hard,30720,375.302299442,0.006,0.001953125,0.06001356344700567,-3.0
103,hard,31232,381.516241751,0.006,0.001953125,0.059767704588235146,-3.0
103,hard,31744,387.642675166,0.006,0.001953125,0.06138821551017444,-3.0
103,hard,32256,393.69775885999996,0.006,0.00390625,0.06120568267103376,-3.0
103,hard,32768,400.035568283,0.006,0.001953125,0.060792690348594136,-3.0
104,curriculum,512,8.799327489999996,0.06,0.3203125,0.08436953913369902,-0.5
104,curriculum,1024,16.013578194000047,0.06,0.310546875,0.08255316862242473,-0.5520833134651184
104,curriculum,1536,22.205159541,0.06,0.3984375,0.07800859842939392,-0.6041666865348816
104,curriculum,2048,28.459085012000003,0.06,0.34765625,0.0809590494449518,-0.65625
104,curriculum,2560,34.75922061400007,0.06,0.373046875,0.07622048149126512,-0.7083333134651184
104,curriculum,3072,40.97557613500004,0.06,0.384765625,0.07213764583691573,-0.7604166865348816
104,curriculum,3584,47.24776524600003,0.06,0.419921875,0.07049151326232758,-0.8125
104,curriculum,4096,53.57666207300002,0.06,0.451171875,0.06732108938275932,-0.8645833134651184
104,curriculum,4608,59.83285239700007,0.06,0.51953125,0.06190017004120292,-0.9166666865348816
104,curriculum,5120,65.95908054600005,0.06,0.59375,0.05680673626782343,-0.96875
104,curriculum,5632,72.17709421199999,0.06,0.666015625,0.05203477925284389,-1.0208333730697632
104,curriculum,6144,78.49750694000005,0.04,0.41796875,0.04746617344943227,-1.0729166269302368
104,curriculum,6656,84.758288456,0.04,0.482421875,0.04540520149627708,-1.125
104,curriculum,7168,91.15702147999997,0.04,0.54296875,0.04082539215514677,-1.1770833730697632
104,curriculum,7680,97.49485282000006,0.04,0.564453125,0.04001018219475312,-1.2291666269302368
104,curriculum,8192,104.00174264599997,0.025,0.291015625,0.0365596428536816,-1.28125
104,curriculum,8704,110.159319326,0.025,0.345703125,0.03483838276501751,-1.3333333730697632
104,curriculum,9216,116.56348843000006,0.025,0.3984375,0.03200875050550265,-1.3854166269302368
104,curriculum,9728,123.12533168300007,0.025,0.5,0.02677111836054096,-1.4375
104,curriculum,10240,129.49089258200007,0.025,0.513671875,0.025548997098786327,-1.4895833730697632
104,curriculum,10752,135.80838421699997,0.025,0.595703125,0.02332039724363277,-1.5416666269302368
104,curriculum,11264,142.47838941700007,0.015,0.3203125,0.021987473730307246,-1.59375
104,curriculum,11776,148.86940080300002,0.015,0.37109375,0.020100686682955962,-1.6458333730697632
104,curriculum,12288,155.13211236500007,0.015,0.33984375,0.02038358824346588,-1.6979166269302368
104,curriculum,12800,161.34625857400005,0.015,0.431640625,0.01801099295856682,-1.75
104,curriculum,13312,167.596171159,0.015,0.39453125,0.018461380555878038,-1.8020833730697632
104,curriculum,13824,173.79186761900002,0.015,0.458984375,0.01741556581627501,-1.8541666269302368
104,curriculum,14336,179.949586677,0.015,0.4609375,0.01689380304895557,-1.90625
104,curriculum,14848,186.17499763200004,0.015,0.490234375,0.01587987116553463,-1.9583333730697632
104,curriculum,15360,192.45096940900004,0.015,0.578125,0.014434706335181286,-2.0104167461395264
104,curriculum,15872,198.736595507,0.015,0.5546875,0.015222986417223966,-2.0625
104,curriculum,16384,204.94794002099997,0.01,0.34765625,0.013805265782635703,-2.1145832538604736
104,curriculum,16896,211.240484556,0.01,0.357421875,0.013202451499802632,-2.1666667461395264
104,curriculum,17408,217.42716763800007,0.01,0.416015625,0.012215052228423447,-2.21875
104,curriculum,17920,223.64625866500006,0.01,0.474609375,0.011554036966642093,-2.2708332538604736
104,curriculum,18432,230.00104138500006,0.01,0.4921875,0.011226571111314483,-2.3229167461395264
104,curriculum,18944,236.33215614099998,0.01,0.517578125,0.010616636274095398,-2.375
104,curriculum,19456,242.668910456,0.01,0.517578125,0.010628775880206744,-2.4270832538604736
104,curriculum,19968,248.802434249,0.006,0.25390625,0.010048823115195124,-2.4791667461395264
104,curriculum,20480,254.95197951200004,0.006,0.255859375,0.009603411737008204,-2.53125
104,curriculum,20992,261.1445905570001,0.006,0.35546875,0.008832551460762342,-2.5833332538604736
104,curriculum,21504,267.33822209,0.006,0.294921875,0.009113656654313422,-2.6354167461395264
104,curriculum,22016,273.608539397,0.006,0.32421875,0.00834930867199567,-2.6875
104,curriculum,22528,279.782474198,0.006,0.373046875,0.008152087191859631,-2.7395832538604736
104,curriculum,23040,286.00094508500007,0.006,0.4296875,0.007688588021899159,-2.7916667461395264
104,curriculum,23552,292.219132073,0.006,0.41796875,0.007689673929768154,-2.84375
104,curriculum,24064,298.32328713500004,0.006,0.458984375,0.007005542465270323,-2.8958332538604736
104,curriculum,24576,304.629691012,0.006,0.45703125,0.0069152846694254385,-2.9479167461395264
104,curriculum,25088,310.563197106,0.006,0.55078125,0.006721689110168633,-3.0
104,curriculum,25600,316.808844436,0.006,0.515625,0.0066846970349751095,-3.0
104,curriculum,26112,323.170242405,0.006,0.53125,0.006730544990222021,-3.0
104,curriculum,26624,329.42900375000005,0.006,0.529296875,0.006793684438752613,-3.0
104,curriculum,27136,335.56722594700005,0.006,0.53125,0.006686272286706075,-3.0
104,curriculum,27648,341.06319113700005,0.006,0.533203125,0.00634161780250755,-3.0
104,curriculum,28160,347.09752580800006,0.006,0.546875,0.006532258896087761,-3.0
104,curriculum,28672,353.382891467,0.006,0.4921875,0.006778827800042557,-3.0
104,curriculum,29184,359.5417624450001,0.006,0.53125,0.006305721164851218,-3.0
104,curriculum,29696,365.672196876,0.006,0.568359375,0.006490761759533191,-3.0
104,curriculum,30208,371.300312303,0.006,0.537109375,0.006112603381776387,-3.0
104,curriculum,30720,377.430213704,0.006,0.576171875,0.006356400583537117,-3.0
104,curriculum,31232,383.68982045600006,0.006,0.560546875,0.006405339089794366,-3.0
104,curriculum,31744,390.12410579,0.006,0.57421875,0.006090650493370733,-3.0
104,curriculum,32256,396.31133084000004,0.006,0.53125,0.006565881268517548,-3.0
104,curriculum,32768,402.59763183600006,0.006,0.556640625,0.006185743754527909,-3.0
104,hard,512,8.811543313000016,0.006,0.0078125,0.08436953913369902,-0.5
104,hard,1024,16.207556684000053,0.006,0.0,0.08278951932858214,-0.5520833134651184
104,hard,1536,22.493639046000055,0.006,0.005859375,0.0786070866197004,-0.6041666865348816
104,hard,2048,28.587678960000005,0.006,0.0,0.08228702845500857,-0.65625
104,hard,2560,34.86020245899999,0.006,0.001953125,0.07876552899975012,-0.7083333134651184
104,hard,3072,41.162473041,0.006,0.005859375,0.07633301933719419,-0.7604166865348816
104,hard,3584,47.39863573299999,0.006,0.00390625,0.07709101138174065,-0.8125
104,hard,4096,53.63671886100008,0.006,0.005859375,0.07679555701925656,-0.8645833134651184
104,hard,4608,59.90281045400002,0.006,0.001953125,0.07489837711081086,-0.9166666865348816
104,hard,5120,66.17847243000006,0.006,0.001953125,0.07151991005468283,-0.96875
104,hard,5632,72.42131469200001,0.006,0.005859375,0.0711720812020088,-1.0208333730697632
104,hard,6144,78.63559137100003,0.006,0.009765625,0.06855297709704572,-1.0729166269302368
104,hard,6656,84.86341818100004,0.006,0.009765625,0.07057879546039383,-1.125
104,hard,7168,91.13371343200004,0.006,0.00390625,0.06716032435750137,-1.1770833730697632
104,hard,7680,97.43516120100003,0.006,0.005859375,0.0657421927005988,-1.2291666269302368
104,hard,8192,103.62219086599998,0.006,0.01171875,0.06630782282203247,-1.28125
104,hard,8704,109.87469800899999,0.006,0.0,0.06664840854036352,-1.3333333730697632
104,hard,9216,116.09426738800005,0.006,0.0,0.06610832413181822,-1.3854166269302368
104,hard,9728,122.31890034900005,0.006,0.00390625,0.06401700998286625,-1.4375
104,hard,10240,128.63480198399998,0.006,0.0,0.06337709283193751,-1.4895833730697632
104,hard,10752,134.944061207,0.006,0.001953125,0.06187597026831673,-1.5416666269302368
104,hard,11264,141.19373513000005,0.006,0.001953125,0.06429268558673502,-1.59375
104,hard,11776,147.361183234,0.006,0.01171875,0.06245675773979908,-1.6458333730697632
104,hard,12288,153.49870513000008,0.006,0.001953125,0.06301521403208854,-1.6979166269302368
104,hard,12800,159.66538408899999,0.006,0.0078125,0.06130729837600321,-1.75
104,hard,13312,165.94308728099998,0.006,0.0,0.06116985109553173,-1.8020833730697632
104,hard,13824,172.10334105700008,0.006,0.0,0.06219067272815465,-1.8541666269302368
104,hard,14336,178.23522223300006,0.006,0.00390625,0.05932483853511443,-1.90625
104,hard,14848,184.496669085,0.006,0.0078125,0.05972282417809832,-1.9583333730697632
104,hard,15360,190.80826189800007,0.006,0.00390625,0.05933813655936597,-2.0104167461395264
104,hard,15872,197.36120810300008,0.006,0.001953125,0.058850414019494646,-2.0625
104,hard,16384,203.58223755799997,0.006,0.005859375,0.057409548586593265,-2.1145832538604736
104,hard,16896,209.84327040900007,0.006,0.00390625,0.06038408607137396,-2.1666667461395264
104,hard,17408,216.04064159100005,0.006,0.00390625,0.0579661524854601,-2.21875
104,hard,17920,222.33942584400006,0.006,0.00390625,0.05945658951358801,-2.2708332538604736
104,hard,18432,228.58463080600006,0.006,0.005859375,0.06019313237535023,-2.3229167461395264
104,hard,18944,234.834292098,0.006,0.0,0.06008101415303323,-2.375
104,hard,19456,241.045733519,0.006,0.005859375,0.05983933678439199,-2.4270832538604736
104,hard,19968,247.203832886,0.006,0.005859375,0.06034625067030122,-2.4791667461395264
104,hard,20480,253.48093854,0.006,0.0078125,0.057012142435154387,-2.53125
104,hard,20992,259.754834942,0.006,0.00390625,0.05940136982842566,-2.5833332538604736
104,hard,21504,266.0414762710001,0.006,0.005859375,0.057304635897322466,-2.6354167461395264
104,hard,22016,272.28824310900006,0.006,0.01171875,0.05885350787927545,-2.6875
104,hard,22528,278.46990301900007,0.006,0.0,0.059269856260261586,-2.7395832538604736
104,hard,23040,284.628056527,0.006,0.0078125,0.057911810394293925,-2.7916667461395264
104,hard,23552,290.86023073,0.006,0.005859375,0.05895004772776132,-2.84375
104,hard,24064,297.072773578,0.006,0.0078125,0.05547432037563893,-2.8958332538604736
104,hard,24576,303.2497917840001,0.006,0.005859375,0.05511943194836917,-2.9479167461395264
104,hard,25088,309.389828741,0.006,0.005859375,0.05698993595286163,-3.0
104,hard,25600,315.55604138,0.006,0.005859375,0.05623416224612156,-3.0
104,hard,26112,321.68610510200006,0.006,0.0,0.057783442514410345,-3.0
104,hard,26624,327.8342315560001,0.006,0.0078125,0.05476412073938435,-3.0
104,hard,27136,334.00295395500007,0.006,0.00390625,0.05582943592901035,-3.0
104,hard,27648,340.16028154800006,0.006,0.00390625,0.05576434526502701,-3.0
104,hard,28160,346.41057490800006,0.006,0.005859375,0.0582458523199171,-3.0
104,hard,28672,352.5429366100001,0.006,0.00390625,0.05480361889566011,-3.0
104,hard,29184,358.680046283,0.006,0.00390625,0.05701443934796627,-3.0
104,hard,29696,364.837612854,0.006,0.005859375,0.05743054688184227,-3.0
104,hard,30208,370.9918193120001,0.006,0.0078125,0.05734025972952021,-3.0
104,hard,30720,377.352679481,0.006,0.005859375,0.05623296080844546,-3.0
104,hard,31232,383.7257714450001,0.006,0.01171875,0.05789591273121833,-3.0
104,hard,31744,389.954492511,0.006,0.005859375,0.05897503713069177,-3.0
104,hard,32256,396.138587377,0.006,0.0,0.05825709353148814,-3.0
104,hard,32768,402.320365188,0.006,0.005859375,0.05766320524812477,-3.0
105,curriculum,512,8.910782684000026,0.06,0.294921875,0.08498721530628406,-0.5
105,curriculum,1024,16.116853907000007,0.06,0.314453125,0.08254739971855825,-0.5520833134651184
105,curriculum,1536,22.44129437800001,0.06,0.3359375,0.08045656046166622,-0.6041666865348816
105,curriculum,2048,28.880923603999975,0.06,0.314453125,0.08315780077780188,-0.65625
105,curriculum,2560,36.17831175300006,0.06,0.357421875,0.07704546069559634,-0.7083333134651184
105,curriculum,3072,42.53260356100003,0.06,0.390625,0.07392810633293456,-0.7604166865348816
105,curriculum,3584,48.86541576400003,0.06,0.431640625,0.06981541386155501,-0.8125
105,curriculum,4096,55.055962996999995,0.06,0.451171875,0.06537273159357596,-0.8645833134651184
105,curriculum,4608,61.39815866500004,0.06,0.505859375,0.061542636838534566,-0.9166666865348816
105,curriculum,5120,68.05312981900005,0.06,0.5390625,0.0590566122788665,-0.96875
105,curriculum,5632,74.44006535900002,0.06,0.63671875,0.05285881850097704,-1.0208333730697632
105,curriculum,6144,80.80809955399997,0.04,0.4375,0.04728722328992266,-1.0729166269302368
105,curriculum,6656,87.15223739599998,0.04,0.4609375,0.04466422794321527,-1.125
105,curriculum,7168,93.42728502799997,0.04,0.5625,0.04007649221069076,-1.1770833730697632
105,curriculum,7680,99.79089028799996,0.04,0.58984375,0.0372624499164248,-1.2291666269302368
105,curriculum,8192,106.19466364400006,0.025,0.3828125,0.032801707761470345,-1.28125
105,curriculum,8704,112.70271649299997,0.025,0.439453125,0.02934547306430603,-1.3333333730697632
105,curriculum,9216,119.37822437200003,0.025,0.54296875,0.02619428271445588,-1.3854166269302368
105,curriculum,9728,126.00258517000003,0.025,0.541015625,0.025667216994781056,-1.4375
105,curriculum,10240,132.544502443,0.025,0.603515625,0.02411842705197253,-1.4895833730697632
105,curriculum,10752,139.17844096899995,0.015,0.267578125,0.022312834920020386,-1.5416666269302368
105,curriculum,11264,145.73791888800002,0.015,0.337890625,0.020174151984708504,-1.59375
105,curriculum,11776,152.09192202399998,0.015,0.369140625,0.01941286652009812,-1.6458333730697632
105,curriculum,12288,158.40719359999997,0.015,0.404296875,0.0189993613574823,-1.6979166269302368
105,curriculum,12800,164.74085615999996,0.015,0.37890625,0.01885349914550158,-1.75
105,curriculum,13312,171.13063533300004,0.015,0.439453125,0.01745255843573576,-1.8020833730697632
105,curriculum,13824,177.47718612800003,0.015,0.513671875,0.016224960980473872,-1.8541666269302368
105,curriculum,14336,183.79592057099995,0.015,0.51171875,0.016181328569294343,-1.90625
105,curriculum,14848,190.08956909700004,0.015,0.513671875,0.0156423422734794,-1.9583333730697632
105,curriculum,15360,196.40112607199995,0.015,0.501953125,0.015118931256404747,-2.0104167461395264
105,curriculum,15872,202.59803004999998,0.01,0.31640625,0.014670587938470887,-2.0625
105,curriculum,16384,208.73037966600003,0.01,0.328125,0.014263283081345272,-2.1145832538604736
105,curriculum,16896,214.86740914299997,0.01,0.37109375,0.012867353757779528,-2.1666667461395264
105,curriculum,17408,221.21082221800003,0.01,0.453125,0.01194295162571543,-2.21875
105,curriculum,17920,227.66792168399996,0.01,0.45703125,0.01154419144408951,-2.2708332538604736
105,curriculum,18432,234.03867006800004,0.01,0.490234375,0.011000165348593452,-2.3229167461395264
105,curriculum,18944,240.52022788799997,0.01,0.529296875,0.01028158998268863,-2.375
105,curriculum,19456,246.81498751299995,0.01,0.546875,0.010039053673029583,-2.4270832538604736
105,curriculum,19968,253.13204129499996,0.006,0.251953125,0.009861169607242206,-2.4791667461395264
105,curriculum,20480,259.38395417500004,0.006,0.32421875,0.008746669410678306,-2.53125
105,curriculum,20992,265.578140559,0.006,0.306640625,0.008958553972975063,-2.5833332538604736
105,curriculum,21504,271.69955878599995,0.006,0.357421875,0.008245049978602464,-2.6354167461395264
105,curriculum,22016,277.89504249500004,0.006,0.373046875,0.00798725989876352,-2.6875
105,curriculum,22528,283.770856596,0.006,0.357421875,0.007968766491812218,-2.7395832538604736
105,curriculum,23040,289.98792693499996,0.006,0.41796875,0.007398437213068943,-2.7916667461395264
105,curriculum,23552,296.16491334799997,0.006,0.46484375,0.006816119140739339,-2.84375
105,curriculum,24064,302.33801364000004,0.006,0.486328125,0.006597003765356614,-2.8958332538604736
105,curriculum,24576,308.471017443,0.006,0.5234375,0.006284544730091055,-2.9479167461395264
105,curriculum,25088,314.75568283599995,0.006,0.568359375,0.005970202983138667,-3.0
105,curriculum,25600,321.011813764,0.006,0.544921875,0.006297080575274378,-3.0
105,curriculum,26112,327.06331149299996,0.006,0.50390625,0.006359295732596783,-3.0
105,curriculum,26624,333.42677919199997,0.006,0.52734375,0.006354041442819101,-3.0
105,curriculum,27136,339.79177862499995,0.006,0.515625,0.0063285964090582444,-3.0
105,curriculum,27648,346.123165863,0.006,0.541015625,0.0062225491105421665,-3.0
105,curriculum,28160,353.308360824,0.006,0.58203125,0.005928354325025765,-3.0
105,curriculum,28672,359.440173752,0.006,0.546875,0.006184532946703484,-3.0
105,curriculum,29184,365.620086792,0.006,0.5625,0.005894981279275388,-3.0
105,curriculum,29696,372.24058326799997,0.006,0.595703125,0.0059902678104768615,-3.0
105,curriculum,30208,378.913977538,0.006,0.53515625,0.006409708454849914,-3.0
105,curriculum,30720,385.36166163,0.006,0.5546875,0.006168325747876999,-3.0
105,curriculum,31232,392.08833394900006,0.006,0.54296875,0.0062621266527559186,-3.0
105,curriculum,31744,398.62282827300004,0.006,0.560546875,0.006147416645361213,-3.0
105,curriculum,32256,404.88009796399996,0.006,0.5078125,0.006247353245738992,-3.0
105,curriculum,32768,411.168812326,0.006,0.5390625,0.006117262603341267,-3.0
105,hard,512,8.607053998999959,0.006,0.0,0.08498721530628406,-0.5
105,hard,1024,15.919347404000007,0.006,0.001953125,0.08290460099267327,-0.5520833134651184
105,hard,1536,22.233832845999984,0.006,0.0078125,0.08115162531828249,-0.6041666865348816
105,hard,2048,28.547363899999937,0.006,0.001953125,0.084328847517143,-0.65625
105,hard,2560,34.64004541099996,0.006,0.001953125,0.07956679925980012,-0.7083333134651184
105,hard,3072,40.78685846500002,0.006,0.001953125,0.07741049884198742,-0.7604166865348816
105,hard,3584,46.97756493600002,0.006,0.001953125,0.0755044843816007,-0.8125
105,hard,4096,53.14674542699993,0.006,0.00390625,0.07377477846444848,-0.8645833134651184
105,hard,4608,60.61095526399993,0.006,0.001953125,0.07322987844133867,-0.9166666865348816
105,hard,5120,66.94260792,0.006,0.001953125,0.07283183614302154,-0.96875
105,hard,5632,73.20462862499994,0.006,0.00390625,0.07018593712447029,-1.0208333730697632
105,hard,6144,79.48175473000003,0.006,0.005859375,0.0690112598672513,-1.0729166269302368
105,hard,6656,85.71540765199995,0.006,0.00390625,0.07068550082445876,-1.125
105,hard,7168,91.909322944,0.006,0.0078125,0.06879428441262539,-1.1770833730697632
105,hard,7680,98.15044096199995,0.006,0.00390625,0.06940457287061057,-1.2291666269302368
105,hard,8192,104.39416990300003,0.006,0.005859375,0.06702474204012736,-1.28125
105,hard,8704,110.69817998299993,0.006,0.001953125,0.06739714590314953,-1.3333333730697632
105,hard,9216,116.867438913,0.006,0.005859375,0.06522674915234666,-1.3854166269302368
105,hard,9728,122.94126526699995,0.006,0.00390625,0.06404257244054425,-1.4375
105,hard,10240,129.13363582499994,0.006,0.009765625,0.06503584668839878,-1.4895833730697632
105,hard,10752,135.38405373699993,0.006,0.005859375,0.06342969571973694,-1.5416666269302368
105,hard,11264,141.645307054,0.006,0.00390625,0.06323076349968312,-1.59375
105,hard,11776,147.86245732099997,0.006,0.0078125,0.06388260013500546,-1.6458333730697632
105,hard,12288,154.14881271799993,0.006,0.005859375,0.06478496701113397,-1.6979166269302368
105,hard,12800,160.68256638000003,0.006,0.009765625,0.06408482863771206,-1.75
105,hard,13312,166.64807653699995,0.006,0.01171875,0.06405180222990679,-1.8020833730697632
105,hard,13824,172.870658811,0.006,0.00390625,0.06535728270158392,-1.8541666269302368
105,hard,14336,179.05887902400002,0.006,0.001953125,0.06356980696730782,-1.90625
105,hard,14848,185.250090225,0.006,0.00390625,0.06341240399850437,-1.9583333730697632
105,hard,15360,191.39350005400001,0.006,0.0078125,0.0617622325442107,-2.0104167461395264
105,hard,15872,197.59880615099996,0.006,0.00390625,0.06377469354952799,-2.0625
105,hard,16384,203.832228645,0.006,0.0078125,0.06423928041106479,-2.1145832538604736
105,hard,16896,209.98791502099994,0.006,0.001953125,0.06349300998187213,-2.1666667461395264
105,hard,17408,216.13424286199995,0.006,0.00390625,0.06276553113599363,-2.21875
105,hard,17920,222.242879259,0.006,0.0,0.06610285148079333,-2.2708332538604736
105,hard,18432,228.33580732500002,0.006,0.001953125,0.06245532043262532,-2.3229167461395264
105,hard,18944,234.45451745899993,0.006,0.00390625,0.06403297966978155,-2.375
105,hard,19456,240.58149282800002,0.006,0.0078125,0.06218558283722243,-2.4270832538604736
105,hard,19968,246.720019589,0.006,0.001953125,0.06344790019015062,-2.4791667461395264
105,hard,20480,253.05144370999994,0.006,0.001953125,0.06217643585024016,-2.53125
105,hard,20992,259.136590672,0.006,0.005859375,0.0633833756206949,-2.5833332538604736
105,hard,21504,265.24895490099993,0.006,0.00390625,0.06136097299204052,-2.6354167461395264
105,hard,22016,271.52737410299994,0.006,0.001953125,0.06259866964273655,-2.6875
105,hard,22528,277.72117109299995,0.006,0.015625,0.06251203203301,-2.7395832538604736
105,hard,23040,283.946180896,0.006,0.0,0.06264273840951667,-2.7916667461395264
105,hard,23552,290.057910281,0.006,0.00390625,0.06253867208839095,-2.84375
105,hard,24064,296.280132104,0.006,0.00390625,0.060756310778121936,-2.8958332538604736
105,hard,24576,302.44244424299995,0.006,0.0078125,0.06132332688490093,-2.9479167461395264
105,hard,25088,308.58091135899997,0.006,0.001953125,0.06282949803030942,-3.0
105,hard,25600,314.764028305,0.006,0.01171875,0.06236620690284508,-3.0
105,hard,26112,320.85376885799997,0.006,0.00390625,0.06388965970033358,-3.0
105,hard,26624,326.97559788699994,0.006,0.0078125,0.0598625295330725,-3.0
105,hard,27136,333.153354081,0.006,0.00390625,0.05945184969081326,-3.0
105,hard,27648,339.38130752899997,0.006,0.00390625,0.06295087426455523,-3.0
105,hard,28160,345.52356121699995,0.006,0.001953125,0.0619199377129512,-3.0
105,hard,28672,351.622859245,0.006,0.001953125,0.0601635908569753,-3.0
105,hard,29184,357.76727279,0.006,0.005859375,0.061267080970919034,-3.0
105,hard,29696,363.87735165000004,0.006,0.009765625,0.061636739186032595,-3.0
105,hard,30208,370.049375542,0.006,0.009765625,0.06202490026019136,-3.0
105,hard,30720,376.34475045499994,0.006,0.005859375,0.06057716891433877,-3.0
105,hard,31232,382.65735458999995,0.006,0.009765625,0.06160020088777368,-3.0
105,hard,31744,388.83260033199997,0.006,0.005859375,0.060597570371122705,-3.0
105,hard,32256,395.26083301799997,0.006,0.01171875,0.06103632003926602,-3.0
105,hard,32768,401.597650154,0.006,0.005859375,0.062275530456067166,-3.0
106,curriculum,512,8.678192914999954,0.06,0.294921875,0.08662326809814877,-0.5
106,curriculum,1024,16.22671137499998,0.06,0.314453125,0.08511472885181938,-0.5520833134651184
106,curriculum,1536,22.581979410999963,0.06,0.376953125,0.08002539592815248,-0.6041666865348816
106,curriculum,2048,28.77127648100003,0.06,0.369140625,0.07840552842575743,-0.65625
106,curriculum,2560,35.15287692299995,0.06,0.349609375,0.07837095326089114,-0.7083333134651184
106,curriculum,3072,41.56008239499994,0.06,0.41796875,0.07066055426417173,-0.7604166865348816
106,curriculum,3584,47.951410341999974,0.06,0.44140625,0.06839570125284138,-0.8125
106,curriculum,4096,54.31671069199996,0.06,0.5,0.06423595470270899,-0.8645833134651184
106,curriculum,4608,60.50861415000003,0.06,0.533203125,0.06001847818228202,-0.9166666865348816
106,curriculum,5120,66.77262826099997,0.06,0.60546875,0.05674629901284291,-0.96875
106,curriculum,5632,73.02204268600002,0.04,0.359375,0.05208375863196811,-1.0208333730697632
106,curriculum,6144,79.35495708699995,0.04,0.470703125,0.04512577455069025,-1.0729166269302368
106,curriculum,6656,85.84373669500002,0.04,0.50390625,0.042237679175760746,-1.125
106,curriculum,7168,92.17693815900003,0.04,0.60546875,0.0375054416145335,-1.1770833730697632
106,curriculum,7680,98.53420361100001,0.04,0.65234375,0.03459268157220628,-1.2291666269302368
106,curriculum,8192,104.94249677800002,0.025,0.38671875,0.0321757861873392,-1.28125
106,curriculum,8704,111.12912993100002,0.025,0.447265625,0.028795026483259722,-1.3333333730697632
106,curriculum,9216,117.38597274599994,0.025,0.513671875,0.026574324156785588,-1.3854166269302368
106,curriculum,9728,123.608112458,0.025,0.552734375,0.024961844330228158,-1.4375
106,curriculum,10240,129.93718939900003,0.025,0.609375,0.023038880034583206,-1.4895833730697632
106,curriculum,10752,136.243611122,0.015,0.33203125,0.021607658897497002,-1.5416666269302368
106,curriculum,11264,142.53922467299998,0.015,0.314453125,0.02194720525700774,-1.59375
106,curriculum,11776,148.695935603,0.015,0.384765625,0.019189622937138114,-1.6458333730697632
106,curriculum,12288,154.84293503700002,0.015,0.359375,0.019639262423468366,-1.6979166269302368
106,curriculum,12800,161.106220575,0.015,0.45703125,0.018483658825355284,-1.75
106,curriculum,13312,167.443583478,0.015,0.4375,0.017605888983937536,-1.8020833730697632
106,curriculum,13824,173.72299706799998,0.015,0.48046875,0.016846852642396055,-1.8541666269302368
106,curriculum,14336,179.97261653899994,0.015,0.517578125,0.015313904647959063,-1.90625
106,curriculum,14848,186.24687063300001,0.015,0.529296875,0.015923411442538327,-1.9583333730697632
106,curriculum,15360,192.39641766799997,0.015,0.568359375,0.015012919631541364,-2.0104167461395264
106,curriculum,15872,198.61901340699995,0.01,0.310546875,0.014678963066426364,-2.0625
106,curriculum,16384,204.93745765299997,0.01,0.330078125,0.014044425804056057,-2.1145832538604736
106,curriculum,16896,210.98239131500003,0.01,0.34375,0.013101105887235915,-2.1666667461395264
106,curriculum,17408,217.147731748,0.01,0.41796875,0.012073075534157238,-2.21875
106,curriculum,17920,223.30325184099996,0.01,0.44140625,0.011428273824299399,-2.2708332538604736
106,curriculum,18432,229.425408281,0.01,0.458984375,0.011343699172077493,-2.3229167461395264
106,curriculum,18944,235.56451552899995,0.01,0.509765625,0.010968826863923253,-2.375
106,curriculum,19456,241.741458583,0.01,0.5390625,0.010268756802261235,-2.4270832538604736
106,curriculum,19968,247.93325658099997,0.01,0.55859375,0.009956129716217389,-2.4791667461395264
106,curriculum,20480,254.59398854299997,0.006,0.28125,0.009406645001983033,-2.53125
106,curriculum,20992,260.882369976,0.006,0.3046875,0.008767943334897554,-2.5833332538604736
106,curriculum,21504,267.33654009,0.006,0.35546875,0.008187761245252334,-2.6354167461395264
106,curriculum,22016,273.57016128699996,0.006,0.369140625,0.008177978648609047,-2.6875
106,curriculum,22528,279.752360226,0.006,0.3984375,0.007745095685736809,-2.7395832538604736
106,curriculum,23040,285.99049329199994,0.006,0.42578125,0.007343579442214423,-2.7916667461395264
106,curriculum,23552,292.21371536199996,0.006,0.431640625,0.007153981409259817,-2.84375
106,curriculum,24064,298.42252139600004,0.006,0.486328125,0.006948021148497156,-2.8958332538604736
106,curriculum,24576,304.6614689379999,0.006,0.498046875,0.006355287622571212,-2.9479167461395264
106,curriculum,25088,310.689982339,0.006,0.533203125,0.006478139690459033,-3.0
106,curriculum,25600,317.050744287,0.006,0.56640625,0.006042479857193668,-3.0
106,curriculum,26112,323.36065366199995,0.006,0.53125,0.0062284433788455905,-3.0
106,curriculum,26624,329.691607679,0.006,0.546875,0.006024538503257346,-3.0
106,curriculum,27136,335.87311981,0.006,0.537109375,0.006381448866992731,-3.0
106,curriculum,27648,342.088542724,0.006,0.533203125,0.006476943164937017,-3.0
106,curriculum,28160,348.398413124,0.006,0.533203125,0.006358714699681656,-3.0
106,curriculum,28672,354.66958219099996,0.006,0.501953125,0.0063494028740248305,-3.0
106,curriculum,29184,360.900494907,0.006,0.52734375,0.006409707563733795,-3.0
106,curriculum,29696,367.098643836,0.006,0.556640625,0.006018639935248182,-3.0
106,curriculum,30208,373.481987598,0.006,0.53515625,0.006231761994016555,-3.0
106,curriculum,30720,379.43786455799994,0.006,0.5078125,0.00650244254278696,-3.0
106,curriculum,31232,385.679141894,0.006,0.57421875,0.006129329029461752,-3.0
106,curriculum,31744,391.904546349,0.006,0.546875,0.006232995626942674,-3.0
106,curriculum,32256,398.133086126,0.006,0.56640625,0.005954710081324898,-3.0
106,curriculum,32768,404.367981047,0.006,0.54296875,0.006177085388557065,-3.0
106,hard,512,9.28833643300004,0.006,0.005859375,0.08662326809814877,-0.5
106,hard,1024,17.260861801000033,0.006,0.0,0.08536178271573344,-0.5520833134651184
106,hard,1536,24.060491017999993,0.006,0.00390625,0.0806760701369144,-0.6041666865348816
106,hard,2048,31.061161024000057,0.006,0.00390625,0.0805147481124371,-0.65625
106,hard,2560,37.867724992000035,0.006,0.0,0.08181227245355632,-0.7083333134651184
106,hard,3072,44.51067570700002,0.006,0.0,0.07568746383626748,-0.7604166865348816
106,hard,3584,50.97363472500001,0.006,0.00390625,0.07643870543792697,-0.8125
106,hard,4096,57.19719330300006,0.006,0.001953125,0.0758045836653754,-0.8645833134651184
106,hard,4608,63.46769997199999,0.006,0.00390625,0.07477976400962834,-0.9166666865348816
106,hard,5120,69.94550169600006,0.006,0.00390625,0.07484502431014114,-0.96875
106,hard,5632,76.33916892100001,0.006,0.009765625,0.07538506813619501,-1.0208333730697632
106,hard,6144,82.905242553,0.006,0.00390625,0.07049532272287547,-1.0729166269302368
106,hard,6656,89.70552153799997,0.006,0.001953125,0.07114466082703255,-1.125
106,hard,7168,96.07465827600004,0.006,0.00390625,0.0708790832288701,-1.1770833730697632
106,hard,7680,102.41940098099997,0.006,0.005859375,0.06944253752290294,-1.2291666269302368
106,hard,8192,108.84150255600002,0.006,0.0078125,0.07145613835622061,-1.28125
106,hard,8704,115.262705987,0.006,0.001953125,0.06854838369969722,-1.3333333730697632
106,hard,9216,121.71010828099998,0.006,0.009765625,0.06866125545532567,-1.3854166269302368
106,hard,9728,128.07341504800002,0.006,0.005859375,0.06586778631410466,-1.4375
106,hard,10240,134.42254738500003,0.006,0.001953125,0.06538896865642391,-1.4895833730697632
106,hard,10752,140.81952186900003,0.006,0.0,0.06476860782298482,-1.5416666269302368
106,hard,11264,147.28742379300002,0.006,0.009765625,0.06450856045550152,-1.59375
106,hard,11776,154.05301903600002,0.006,0.00390625,0.06451445130690303,-1.6458333730697632
106,hard,12288,161.15860205800004,0.006,0.001953125,0.06448183244363169,-1.6979166269302368
106,hard,12800,167.81045377400005,0.006,0.01171875,0.0624173596570243,-1.75
106,hard,13312,173.92646871099998,0.006,0.001953125,0.06655766137756602,-1.8020833730697632
106,hard,13824,180.12770064200004,0.006,0.0078125,0.06292598938748234,-1.8541666269302368
106,hard,14336,186.2574277,0.006,0.00390625,0.06223576788329954,-1.90625
106,hard,14848,192.39752457400004,0.006,0.0,0.06328483115901425,-1.9583333730697632
106,hard,15360,198.81959436800003,0.006,0.001953125,0.06329903729763514,-2.0104167461395264
106,hard,15872,204.99808528000005,0.006,0.00390625,0.062929026305262,-2.0625
106,hard,16384,211.13224069299997,0.006,0.00390625,0.06389308194103314,-2.1145832538604736
106,hard,16896,217.30477334500006,0.006,0.00390625,0.06453581521635936,-2.1666667461395264
106,hard,17408,223.69680558800007,0.006,0.005859375,0.06237004914266038,-2.21875
106,hard,17920,229.930073149,0.006,0.00390625,0.06505356951544025,-2.2708332538604736
106,hard,18432,235.99625396300007,0.006,0.005859375,0.06254734209090751,-2.3229167461395264
106,hard,18944,242.04183960199998,0.006,0.009765625,0.06387833951434599,-2.375
106,hard,19456,247.616904289,0.006,0.005859375,0.06195377513651092,-2.4270832538604736
106,hard,19968,253.67349533499998,0.006,0.0078125,0.06364754896697408,-2.4791667461395264
106,hard,20480,259.29160211199996,0.006,0.00390625,0.06321174202240484,-2.53125
106,hard,20992,265.366755745,0.006,0.0,0.06309201425556446,-2.5833332538604736
106,hard,21504,271.492781732,0.006,0.0078125,0.06145588376700442,-2.6354167461395264
106,hard,22016,277.621712923,0.006,0.009765625,0.06322681200379687,-2.6875
106,hard,22528,283.739285474,0.006,0.009765625,0.06275629411669975,-2.7395832538604736
106,hard,23040,289.85552036900003,0.006,0.00390625,0.06111939928547846,-2.7916667461395264
106,hard,23552,296.05632221100007,0.006,0.009765625,0.060205447595974154,-2.84375
106,hard,24064,302.754208921,0.006,0.001953125,0.05995568897730462,-2.8958332538604736
106,hard,24576,309.19934704,0.006,0.0,0.061480669646818704,-2.9479167461395264
106,hard,25088,315.624196255,0.006,0.001953125,0.06133303123031067,-3.0
106,hard,25600,321.99056647300006,0.006,0.0078125,0.061124749926620106,-3.0
106,hard,26112,328.33127700500006,0.006,0.00390625,0.062430423861321145,-3.0
106,hard,26624,334.97143536300007,0.006,0.0078125,0.057748030857245655,-3.0
106,hard,27136,341.18820910400007,0.006,0.009765625,0.06040362182680248,-3.0
106,hard,27648,347.401107785,0.006,0.013671875,0.06258185607450167,-3.0
106,hard,28160,353.17048411100006,0.006,0.005859375,0.06204834905128756,-3.0
106,hard,28672,359.46340556100006,0.006,0.00390625,0.05942709320624698,-3.0
106,hard,29184,365.58663692000005,0.006,0.0078125,0.06062412119088311,-3.0
106,hard,29696,371.7037375350001,0.006,0.001953125,0.06159758468626325,-3.0
106,hard,30208,377.87928500400005,0.006,0.0,0.06063781658541324,-3.0
106,hard,30720,384.167321925,0.006,0.0078125,0.059284404821097536,-3.0
106,hard,31232,389.78546081800005,0.006,0.005859375,0.06050911501272221,-3.0
106,hard,31744,395.484538464,0.006,0.00390625,0.06200073173531112,-3.0
106,hard,32256,401.077246455,0.006,0.00390625,0.062142175849690284,-3.0
106,hard,32768,407.266320822,0.006,0.015625,0.06213341690297514,-3.0
